ProductID;PromotionID;AllocationWeight
P001;PR01;0.3333333333333333
P001;PR02;0.3333333333333333
P001;PR04;0.3333333333333333
P002;PR02;1
P003;PR03;1
P004;PR04;0.5
P004;PR05;0.5
P005;PR05;1
P006;PR06;1
P007;PR01;0.5
P007;PR02;0.5
P008;PR02;1
P009;PR03;1
P010;PR04;0.5
P010;PR05;0.5
P011;PR05;0.5
P011;PR02;0.5
P012;PR06;1
P013;PR01;0.5
P013;PR02;0.5
P014;PR02;1
P015;PR03;1
P016;PR04;0.5
P016;PR05;0.5
P017;PR05;1
P018;PR06;1
P019;PR01;0.5
P019;PR02;0.5
P020;PR02;1
P021;PR03;0.5
P021;PR06;0.5
P022;PR04;0.5
P022;PR05;0.5
P023;PR05;1
P024;PR06;1
P025;PR01;0.5
P025;PR02;0.5
P026;PR02;1
P027;PR03;1
P028;PR04;0.5
P028;PR05;0.5
P029;PR05;1
P030;PR06;1
